year,state,sector,gender,indicator,value
2023-24,Andhra Pradesh,Rural,Male,Unemployment Rate,3.8
2023-24,Arunachal Pradesh,Rural,Male,Unemployment Rate,5.4
2023-24,Assam,Rural,Male,Unemployment Rate,3.6
2023-24,Bihar,Rural,Male,Unemployment Rate,3.3
2023-24,Chhattisgarh,Rural,Male,Unemployment Rate,1.6
2023-24,Delhi,Rural,Male,Unemployment Rate,3.6
2023-24,Goa,Rural,Male,Unemployment Rate,7.1
2023-24,Gujarat,Rural,Male,Unemployment Rate,0.5
2023-24,Haryana,Rural,Male,Unemployment Rate,3.6
2023-24,Himachal Pradesh,Rural,Male,Unemployment Rate,3.2
2023-24,Jharkhand,Rural,Male,Unemployment Rate,0.8
2023-24,Karnataka,Rural,Male,Unemployment Rate,2.5
2023-24,Kerala,Rural,Male,Unemployment Rate,4.6
2023-24,Madhya Pradesh,Rural,Male,Unemployment Rate,0.6
2023-24,Maharashtra,Rural,Male,Unemployment Rate,2.8
2023-24,Manipur,Rural,Male,Unemployment Rate,4.7
2023-24,Meghalaya,Rural,Male,Unemployment Rate,3.6
2023-24,Mizoram,Rural,Male,Unemployment Rate,1.5
2023-24,Nagaland,Rural,Male,Unemployment Rate,5.5
2023-24,Odisha,Rural,Male,Unemployment Rate,2.9
2023-24,Punjab,Rural,Male,Unemployment Rate,5.1
2023-24,Rajasthan,Rural,Male,Unemployment Rate,3.5
2023-24,Sikkim,Rural,Male,Unemployment Rate,2.7
2023-24,Tamil Nadu,Rural,Male,Unemployment Rate,3.5
2023-24,Telangana,Rural,Male,Unemployment Rate,3.7
2023-24,Tripura,Rural,Male,Unemployment Rate,1.6
2023-24,Uttarakhand,Rural,Male,Unemployment Rate,4.8
2023-24,Uttar Pradesh,Rural,Male,Unemployment Rate,2.6
2023-24,West Bengal,Rural,Male,Unemployment Rate,2.2
2023-24,Andaman & N. Island,Rural,Male,Unemployment Rate,6.9
2023-24,Dadra & Nagar Haveli & Daman & Diu,Rural,Male,Unemployment Rate,4.2
2023-24,Jammu & Kashmir,Rural,Male,Unemployment Rate,3.5
2023-24,Ladakh,Rural,Male,Unemployment Rate,2.0
2023-24,Lakshadweep,Rural,Male,Unemployment Rate,1.2
2023-24,Puducherry,Rural,Male,Unemployment Rate,0.1
2023-24,Andhra Pradesh,Rural,Female,Unemployment Rate,2.9
2023-24,Arunachal Pradesh,Rural,Female,Unemployment Rate,4.6
2023-24,Assam,Rural,Female,Unemployment Rate,3.5
2023-24,Bihar,Rural,Female,Unemployment Rate,1.0
2023-24,Chhattisgarh,Rural,Female,Unemployment Rate,1.3
2023-24,Delhi,Rural,Female,Unemployment Rate,19.5
2023-24,Goa,Rural,Female,Unemployment Rate,13.8
2023-24,Gujarat,Rural,Female,Unemployment Rate,0.2
2023-24,Haryana,Rural,Female,Unemployment Rate,1.7
2023-24,Himachal Pradesh,Rural,Female,Unemployment Rate,7.0
2023-24,Jharkhand,Rural,Female,Unemployment Rate,0.1
2023-24,Karnataka,Rural,Female,Unemployment Rate,0.9
2023-24,Kerala,Rural,Female,Unemployment Rate,12.1
2023-24,Madhya Pradesh,Rural,Female,Unemployment Rate,0.3
2023-24,Maharashtra,Rural,Female,Unemployment Rate,1.1
2023-24,Manipur,Rural,Female,Unemployment Rate,6.6
2023-24,Meghalaya,Rural,Female,Unemployment Rate,6.6
2023-24,Mizoram,Rural,Female,Unemployment Rate,1.0
2023-24,Nagaland,Rural,Female,Unemployment Rate,5.8
2023-24,Odisha,Rural,Female,Unemployment Rate,2.0
2023-24,Punjab,Rural,Female,Unemployment Rate,6.2
2023-24,Rajasthan,Rural,Female,Unemployment Rate,2.7
2023-24,Sikkim,Rural,Female,Unemployment Rate,1.6
2023-24,Tamil Nadu,Rural,Female,Unemployment Rate,2.7
2023-24,Telangana,Rural,Female,Unemployment Rate,3.1
2023-24,Tripura,Rural,Female,Unemployment Rate,1.2
2023-24,Uttarakhand,Rural,Female,Unemployment Rate,2.7
2023-24,Uttar Pradesh,Rural,Female,Unemployment Rate,1.5
2023-24,West Bengal,Rural,Female,Unemployment Rate,2.3
2023-24,Andaman & N. Island,Rural,Female,Unemployment Rate,16.6
2023-24,Dadra & Nagar Haveli & Daman & Diu,Rural,Female,Unemployment Rate,0.0
2023-24,Jammu & Kashmir,Rural,Female,Unemployment Rate,7.1
2023-24,Ladakh,Rural,Female,Unemployment Rate,6.6
2023-24,Lakshadweep,Rural,Female,Unemployment Rate,49.1
2023-24,Puducherry,Rural,Female,Unemployment Rate,4.7
2023-24,Andhra Pradesh,Rural,Person,Unemployment Rate,3.4
2023-24,Arunachal Pradesh,Rural,Person,Unemployment Rate,5.1
2023-24,Assam,Rural,Person,Unemployment Rate,3.5
2023-24,Bihar,Rural,Person,Unemployment Rate,2.6
2023-24,Chhattisgarh,Rural,Person,Unemployment Rate,1.5
2023-24,Delhi,Rural,Person,Unemployment Rate,6.0
2023-24,Goa,Rural,Person,Unemployment Rate,8.9
2023-24,Gujarat,Rural,Person,Unemployment Rate,0.4
2023-24,Haryana,Rural,Person,Unemployment Rate,3.1
2023-24,Himachal Pradesh,Rural,Person,Unemployment Rate,5.0
2023-24,Jharkhand,Rural,Person,Unemployment Rate,0.5
2023-24,Karnataka,Rural,Person,Unemployment Rate,1.9
2023-24,Kerala,Rural,Person,Unemployment Rate,7.7
2023-24,Madhya Pradesh,Rural,Person,Unemployment Rate,0.5
2023-24,Maharashtra,Rural,Person,Unemployment Rate,2.1
2023-24,Manipur,Rural,Person,Unemployment Rate,5.5
2023-24,Meghalaya,Rural,Person,Unemployment Rate,5.0
2023-24,Mizoram,Rural,Person,Unemployment Rate,1.3
2023-24,Nagaland,Rural,Person,Unemployment Rate,5.7
2023-24,Odisha,Rural,Person,Unemployment Rate,2.6
2023-24,Punjab,Rural,Person,Unemployment Rate,5.4
2023-24,Rajasthan,Rural,Person,Unemployment Rate,3.1
2023-24,Sikkim,Rural,Person,Unemployment Rate,2.2
2023-24,Tamil Nadu,Rural,Person,Unemployment Rate,3.1
2023-24,Telangana,Rural,Person,Unemployment Rate,3.5
2023-24,Tripura,Rural,Person,Unemployment Rate,1.4
2023-24,Uttarakhand,Rural,Person,Unemployment Rate,3.9
2023-24,Uttar Pradesh,Rural,Person,Unemployment Rate,2.2
2023-24,West Bengal,Rural,Person,Unemployment Rate,2.2
2023-24,Andaman & N. Island,Rural,Person,Unemployment Rate,10.6
2023-24,Dadra & Nagar Haveli & Daman & Diu,Rural,Person,Unemployment Rate,2.3
2023-24,Jammu & Kashmir,Rural,Person,Unemployment Rate,5.0
2023-24,Ladakh,Rural,Person,Unemployment Rate,3.9
2023-24,Lakshadweep,Rural,Person,Unemployment Rate,8.3
2023-24,Puducherry,Rural,Person,Unemployment Rate,1.9
2023-24,Andhra Pradesh,Urban,Male,Unemployment Rate,5.5
2023-24,Arunachal Pradesh,Urban,Male,Unemployment Rate,9.4
2023-24,Assam,Urban,Male,Unemployment Rate,5.7
2023-24,Bihar,Urban,Male,Unemployment Rate,6.8
2023-24,Chhattisgarh,Urban,Male,Unemployment Rate,6.4
2023-24,Delhi,Urban,Male,Unemployment Rate,2.2
2023-24,Goa,Urban,Male,Unemployment Rate,3.8
2023-24,Gujarat,Urban,Male,Unemployment Rate,2.0
2023-24,Haryana,Urban,Male,Unemployment Rate,4.1
2023-24,Himachal Pradesh,Urban,Male,Unemployment Rate,4.8
2023-24,Jharkhand,Urban,Male,Unemployment Rate,5.8
2023-24,Karnataka,Urban,Male,Unemployment Rate,4.1
2023-24,Kerala,Urban,Male,Unemployment Rate,4.2
2023-24,Madhya Pradesh,Urban,Male,Unemployment Rate,2.9
2023-24,Maharashtra,Urban,Male,Unemployment Rate,4.9
2023-24,Manipur,Urban,Male,Unemployment Rate,5.6
2023-24,Meghalaya,Urban,Male,Unemployment Rate,8.9
2023-24,Mizoram,Urban,Male,Unemployment Rate,3.2
2023-24,Nagaland,Urban,Male,Unemployment Rate,11.1
2023-24,Odisha,Urban,Male,Unemployment Rate,5.6
2023-24,Punjab,Urban,Male,Unemployment Rate,4.7
2023-24,Rajasthan,Urban,Male,Unemployment Rate,6.5
2023-24,Sikkim,Urban,Male,Unemployment Rate,1.7
2023-24,Tamil Nadu,Urban,Male,Unemployment Rate,3.2
2023-24,Telangana,Urban,Male,Unemployment Rate,6.0
2023-24,Tripura,Urban,Male,Unemployment Rate,2.7
2023-24,Uttarakhand,Urban,Male,Unemployment Rate,3.5
2023-24,Uttar Pradesh,Urban,Male,Unemployment Rate,5.7
2023-24,West Bengal,Urban,Male,Unemployment Rate,2.6
2023-24,Andaman & N. Island,Urban,Male,Unemployment Rate,7.0
2023-24,Chandigarh,Urban,Male,Unemployment Rate,3.9
2023-24,Dadra & Nagar Haveli & Daman & Diu,Urban,Male,Unemployment Rate,2.0
2023-24,Jammu & Kashmir,Urban,Male,Unemployment Rate,4.8
2023-24,Ladakh,Urban,Male,Unemployment Rate,5.6
2023-24,Lakshadweep,Urban,Male,Unemployment Rate,11.1
2023-24,Puducherry,Urban,Male,Unemployment Rate,6.3
2023-24,Andhra Pradesh,Urban,Female,Unemployment Rate,6.9
2023-24,Arunachal Pradesh,Urban,Female,Unemployment Rate,18.1
2023-24,Assam,Urban,Female,Unemployment Rate,11.8
2023-24,Bihar,Urban,Female,Unemployment Rate,9.2
2023-24,Chhattisgarh,Urban,Female,Unemployment Rate,10.6
2023-24,Delhi,Urban,Female,Unemployment Rate,1.1
2023-24,Goa,Urban,Female,Unemployment Rate,18.6
2023-24,Gujarat,Urban,Female,Unemployment Rate,3.3
2023-24,Haryana,Urban,Female,Unemployment Rate,3.3
2023-24,Himachal Pradesh,Urban,Female,Unemployment Rate,18.2
2023-24,Jharkhand,Urban,Female,Unemployment Rate,5.8
2023-24,Karnataka,Urban,Female,Unemployment Rate,4.4
2023-24,Kerala,Urban,Female,Unemployment Rate,10.9
2023-24,Madhya Pradesh,Urban,Female,Unemployment Rate,2.6
2023-24,Maharashtra,Urban,Female,Unemployment Rate,6.0
2023-24,Manipur,Urban,Female,Unemployment Rate,10.3
2023-24,Meghalaya,Urban,Female,Unemployment Rate,20.6
2023-24,Mizoram,Urban,Female,Unemployment Rate,3.9
2023-24,Nagaland,Urban,Female,Unemployment Rate,11.6
2023-24,Odisha,Urban,Female,Unemployment Rate,9.7
2023-24,Punjab,Urban,Female,Unemployment Rate,8.6
2023-24,Rajasthan,Urban,Female,Unemployment Rate,10.9
2023-24,Sikkim,Urban,Female,Unemployment Rate,6.9
2023-24,Tamil Nadu,Urban,Female,Unemployment Rate,6.0
2023-24,Telangana,Urban,Female,Unemployment Rate,10.4
2023-24,Tripura,Urban,Female,Unemployment Rate,4.4
2023-24,Uttarakhand,Urban,Female,Unemployment Rate,13.0
2023-24,Uttar Pradesh,Urban,Female,Unemployment Rate,11.0
2023-24,West Bengal,Urban,Female,Unemployment Rate,5.0
2023-24,Andaman & N. Island,Urban,Female,Unemployment Rate,28.6
2023-24,Chandigarh,Urban,Female,Unemployment Rate,15.3
2023-24,Dadra & Nagar Haveli & Daman & Diu,Urban,Female,Unemployment Rate,3.8
2023-24,Jammu & Kashmir,Urban,Female,Unemployment Rate,27.2
2023-24,Ladakh,Urban,Female,Unemployment Rate,34.4
2023-24,Lakshadweep,Urban,Female,Unemployment Rate,27.2
2023-24,Puducherry,Urban,Female,Unemployment Rate,6.9
2023-24,Andhra Pradesh,Urban,Person,Unemployment Rate,5.9
2023-24,Arunachal Pradesh,Urban,Person,Unemployment Rate,12.8
2023-24,Assam,Urban,Person,Unemployment Rate,7.4
2023-24,Bihar,Urban,Person,Unemployment Rate,7.3
2023-24,Chhattisgarh,Urban,Person,Unemployment Rate,7.6
2023-24,Delhi,Urban,Person,Unemployment Rate,2.0
2023-24,Goa,Urban,Person,Unemployment Rate,8.2
2023-24,Gujarat,Urban,Person,Unemployment Rate,2.3
2023-24,Haryana,Urban,Person,Unemployment Rate,4.0
2023-24,Himachal Pradesh,Urban,Person,Unemployment Rate,9.0
2023-24,Jharkhand,Urban,Person,Unemployment Rate,5.8
2023-24,Karnataka,Urban,Person,Unemployment Rate,4.2
2023-24,Kerala,Urban,Person,Unemployment Rate,6.7
2023-24,Madhya Pradesh,Urban,Person,Unemployment Rate,2.8
2023-24,Maharashtra,Urban,Person,Unemployment Rate,5.2
2023-24,Manipur,Urban,Person,Unemployment Rate,7.5
2023-24,Meghalaya,Urban,Person,Unemployment Rate,14.0
2023-24,Mizoram,Urban,Person,Unemployment Rate,3.4
2023-24,Nagaland,Urban,Person,Unemployment Rate,11.3
2023-24,Odisha,Urban,Person,Unemployment Rate,6.8
2023-24,Punjab,Urban,Person,Unemployment Rate,5.6
2023-24,Rajasthan,Urban,Person,Unemployment Rate,7.7
2023-24,Sikkim,Urban,Person,Unemployment Rate,3.0
2023-24,Tamil Nadu,Urban,Person,Unemployment Rate,4.1
2023-24,Telangana,Urban,Person,Unemployment Rate,7.3
2023-24,Tripura,Urban,Person,Unemployment Rate,3.2
2023-24,Uttarakhand,Urban,Person,Unemployment Rate,5.8
2023-24,Uttar Pradesh,Urban,Person,Unemployment Rate,6.7
2023-24,West Bengal,Urban,Person,Unemployment Rate,3.3
2023-24,Andaman & N. Island,Urban,Person,Unemployment Rate,13.5
2023-24,Chandigarh,Urban,Person,Unemployment Rate,7.1
2023-24,Dadra & Nagar Haveli & Daman & Diu,Urban,Person,Unemployment Rate,2.3
2023-24,Jammu & Kashmir,Urban,Person,Unemployment Rate,11.4
2023-24,Ladakh,Urban,Person,Unemployment Rate,13.4
2023-24,Lakshadweep,Urban,Person,Unemployment Rate,13.8
2023-24,Puducherry,Urban,Person,Unemployment Rate,6.5
2023-24,Andhra Pradesh,Rural+Urban,Male,Unemployment Rate,4.3
2023-24,Arunachal Pradesh,Rural+Urban,Male,Unemployment Rate,6.1
2023-24,Assam,Rural+Urban,Male,Unemployment Rate,3.8
2023-24,Bihar,Rural+Urban,Male,Unemployment Rate,3.6
2023-24,Chhattisgarh,Rural+Urban,Male,Unemployment Rate,2.6
2023-24,Delhi,Rural+Urban,Male,Unemployment Rate,2.2
2023-24,Goa,Rural+Urban,Male,Unemployment Rate,5.2
2023-24,Gujarat,Rural+Urban,Male,Unemployment Rate,1.1
2023-24,Haryana,Rural+Urban,Male,Unemployment Rate,3.8
2023-24,Himachal Pradesh,Rural+Urban,Male,Unemployment Rate,3.4
2023-24,Jharkhand,Rural+Urban,Male,Unemployment Rate,1.8
2023-24,Karnataka,Rural+Urban,Male,Unemployment Rate,3.1
2023-24,Kerala,Rural+Urban,Male,Unemployment Rate,4.4
2023-24,Madhya Pradesh,Rural+Urban,Male,Unemployment Rate,1.1
2023-24,Maharashtra,Rural+Urban,Male,Unemployment Rate,3.7
2023-24,Manipur,Rural+Urban,Male,Unemployment Rate,5.0
2023-24,Meghalaya,Rural+Urban,Male,Unemployment Rate,4.3
2023-24,Mizoram,Rural+Urban,Male,Unemployment Rate,2.2
2023-24,Nagaland,Rural+Urban,Male,Unemployment Rate,7.0
2023-24,Odisha,Rural+Urban,Male,Unemployment Rate,3.3
2023-24,Punjab,Rural+Urban,Male,Unemployment Rate,4.9
2023-24,Rajasthan,Rural+Urban,Male,Unemployment Rate,4.3
2023-24,Sikkim,Rural+Urban,Male,Unemployment Rate,2.5
2023-24,Tamil Nadu,Rural+Urban,Male,Unemployment Rate,3.4
2023-24,Telangana,Rural+Urban,Male,Unemployment Rate,4.6
2023-24,Tripura,Rural+Urban,Male,Unemployment Rate,1.7
2023-24,Uttarakhand,Rural+Urban,Male,Unemployment Rate,4.5
2023-24,Uttar Pradesh,Rural+Urban,Male,Unemployment Rate,3.3
2023-24,West Bengal,Rural+Urban,Male,Unemployment Rate,2.3
2023-24,Andaman & N. Island,Rural+Urban,Male,Unemployment Rate,7.0
2023-24,Chandigarh,Rural+Urban,Male,Unemployment Rate,3.9
2023-24,Dadra & Nagar Haveli & Daman & Diu,Rural+Urban,Male,Unemployment Rate,2.9
2023-24,Jammu & Kashmir,Rural+Urban,Male,Unemployment Rate,3.8
2023-24,Ladakh,Rural+Urban,Male,Unemployment Rate,2.6
2023-24,Lakshadweep,Rural+Urban,Male,Unemployment Rate,7.7
2023-24,Puducherry,Rural+Urban,Male,Unemployment Rate,3.9
2023-24,Andhra Pradesh,Rural+Urban,Female,Unemployment Rate,3.7
2023-24,Arunachal Pradesh,Rural+Urban,Female,Unemployment Rate,6.2
2023-24,Assam,Rural+Urban,Female,Unemployment Rate,4.1
2023-24,Bihar,Rural+Urban,Female,Unemployment Rate,1.4
2023-24,Chhattisgarh,Rural+Urban,Female,Unemployment Rate,2.4
2023-24,Delhi,Rural+Urban,Female,Unemployment Rate,1.5
2023-24,Goa,Rural+Urban,Female,Unemployment Rate,16.7
2023-24,Gujarat,Rural+Urban,Female,Unemployment Rate,1.0
2023-24,Haryana,Rural+Urban,Female,Unemployment Rate,2.2
2023-24,Himachal Pradesh,Rural+Urban,Female,Unemployment Rate,7.8
2023-24,Jharkhand,Rural+Urban,Female,Unemployment Rate,0.5
2023-24,Karnataka,Rural+Urban,Female,Unemployment Rate,1.9
2023-24,Kerala,Rural+Urban,Female,Unemployment Rate,11.6
2023-24,Madhya Pradesh,Rural+Urban,Female,Unemployment Rate,0.7
2023-24,Maharashtra,Rural+Urban,Female,Unemployment Rate,2.7
2023-24,Manipur,Rural+Urban,Female,Unemployment Rate,7.7
2023-24,Meghalaya,Rural+Urban,Female,Unemployment Rate,8.2
2023-24,Mizoram,Rural+Urban,Female,Unemployment Rate,2.4
2023-24,Nagaland,Rural+Urban,Female,Unemployment Rate,7.1
2023-24,Odisha,Rural+Urban,Female,Unemployment Rate,2.7
2023-24,Punjab,Rural+Urban,Female,Unemployment Rate,6.9
2023-24,Rajasthan,Rural+Urban,Female,Unemployment Rate,4.0
2023-24,Sikkim,Rural+Urban,Female,Unemployment Rate,2.1
2023-24,Tamil Nadu,Rural+Urban,Female,Unemployment Rate,3.8
2023-24,Telangana,Rural+Urban,Female,Unemployment Rate,5.0
2023-24,Tripura,Rural+Urban,Female,Unemployment Rate,1.6
2023-24,Uttarakhand,Rural+Urban,Female,Unemployment Rate,4.1
2023-24,Uttar Pradesh,Rural+Urban,Female,Unemployment Rate,2.5
2023-24,West Bengal,Rural+Urban,Female,Unemployment Rate,3.0
2023-24,Andaman & N. Island,Rural+Urban,Female,Unemployment Rate,20.9
2023-24,Chandigarh,Rural+Urban,Female,Unemployment Rate,15.3
2023-24,Dadra & Nagar Haveli & Daman & Diu,Rural+Urban,Female,Unemployment Rate,1.1
2023-24,Jammu & Kashmir,Rural+Urban,Female,Unemployment Rate,9.7
2023-24,Ladakh,Rural+Urban,Female,Unemployment Rate,8.8
2023-24,Lakshadweep,Rural+Urban,Female,Unemployment Rate,34.9
2023-24,Puducherry,Rural+Urban,Female,Unemployment Rate,5.9
2023-24,Andhra Pradesh,Rural+Urban,Person,Unemployment Rate,4.1
2023-24,Arunachal Pradesh,Rural+Urban,Person,Unemployment Rate,6.1
2023-24,Assam,Rural+Urban,Person,Unemployment Rate,3.9
2023-24,Bihar,Rural+Urban,Person,Unemployment Rate,3.0
2023-24,Chhattisgarh,Rural+Urban,Person,Unemployment Rate,2.5
2023-24,Delhi,Rural+Urban,Person,Unemployment Rate,2.1
2023-24,Goa,Rural+Urban,Person,Unemployment Rate,8.5
2023-24,Gujarat,Rural+Urban,Person,Unemployment Rate,1.1
2023-24,Haryana,Rural+Urban,Person,Unemployment Rate,3.4
2023-24,Himachal Pradesh,Rural+Urban,Person,Unemployment Rate,5.5
2023-24,Jharkhand,Rural+Urban,Person,Unemployment Rate,1.3
2023-24,Karnataka,Rural+Urban,Person,Unemployment Rate,2.7
2023-24,Kerala,Rural+Urban,Person,Unemployment Rate,7.2
2023-24,Madhya Pradesh,Rural+Urban,Person,Unemployment Rate,1.0
2023-24,Maharashtra,Rural+Urban,Person,Unemployment Rate,3.3
2023-24,Manipur,Rural+Urban,Person,Unemployment Rate,6.1
2023-24,Meghalaya,Rural+Urban,Person,Unemployment Rate,6.2
2023-24,Mizoram,Rural+Urban,Person,Unemployment Rate,2.3
2023-24,Nagaland,Rural+Urban,Person,Unemployment Rate,7.1
2023-24,Odisha,Rural+Urban,Person,Unemployment Rate,3.1
2023-24,Punjab,Rural+Urban,Person,Unemployment Rate,5.5
2023-24,Rajasthan,Rural+Urban,Person,Unemployment Rate,4.2
2023-24,Sikkim,Rural+Urban,Person,Unemployment Rate,2.3
2023-24,Tamil Nadu,Rural+Urban,Person,Unemployment Rate,3.5
2023-24,Telangana,Rural+Urban,Person,Unemployment Rate,4.8
2023-24,Tripura,Rural+Urban,Person,Unemployment Rate,1.7
2023-24,Uttarakhand,Rural+Urban,Person,Unemployment Rate,4.3
2023-24,Uttar Pradesh,Rural+Urban,Person,Unemployment Rate,3.1
2023-24,West Bengal,Rural+Urban,Person,Unemployment Rate,2.5
2023-24,Andaman & N. Island,Rural+Urban,Person,Unemployment Rate,11.8
2023-24,Chandigarh,Rural+Urban,Person,Unemployment Rate,7.1
2023-24,Dadra & Nagar Haveli & Daman & Diu,Rural+Urban,Person,Unemployment Rate,2.3
2023-24,Jammu & Kashmir,Rural+Urban,Person,Unemployment Rate,6.1
2023-24,Ladakh,Rural+Urban,Person,Unemployment Rate,5.1
2023-24,Lakshadweep,Rural+Urban,Person,Unemployment Rate,11.9
2023-24,Puducherry,Rural+Urban,Person,Unemployment Rate,4.6
2023-24,Andhra Pradesh,Rural,Male,Worker Population Ratio,75.0
2023-24,Arunachal Pradesh,Rural,Male,Worker Population Ratio,75.6
2023-24,Assam,Rural,Male,Worker Population Ratio,80.8
2023-24,Bihar,Rural,Male,Worker Population Ratio,74.2
2023-24,Chhattisgarh,Rural,Male,Worker Population Ratio,83.2
2023-24,Delhi,Rural,Male,Worker Population Ratio,77.0
2023-24,Goa,Rural,Male,Worker Population Ratio,70.5
2023-24,Gujarat,Rural,Male,Worker Population Ratio,84.5
2023-24,Haryana,Rural,Male,Worker Population Ratio,69.3
2023-24,Himachal Pradesh,Rural,Male,Worker Population Ratio,79.8
2023-24,Jharkhand,Rural,Male,Worker Population Ratio,80.2
2023-24,Karnataka,Rural,Male,Worker Population Ratio,74.4
2023-24,Kerala,Rural,Male,Worker Population Ratio,71.8
2023-24,Madhya Pradesh,Rural,Male,Worker Population Ratio,86.8
2023-24,Maharashtra,Rural,Male,Worker Population Ratio,75.7
2023-24,Manipur,Rural,Male,Worker Population Ratio,68.2
2023-24,Meghalaya,Rural,Male,Worker Population Ratio,81.8
2023-24,Mizoram,Rural,Male,Worker Population Ratio,66.3
2023-24,Nagaland,Rural,Male,Worker Population Ratio,80.7
2023-24,Odisha,Rural,Male,Worker Population Ratio,80.5
2023-24,Punjab,Rural,Male,Worker Population Ratio,76.0
2023-24,Rajasthan,Rural,Male,Worker Population Ratio,77.5
2023-24,Sikkim,Rural,Male,Worker Population Ratio,83.4
2023-24,Tamil Nadu,Rural,Male,Worker Population Ratio,74.3
2023-24,Telangana,Rural,Male,Worker Population Ratio,76.6
2023-24,Tripura,Rural,Male,Worker Population Ratio,79.7
2023-24,Uttarakhand,Rural,Male,Worker Population Ratio,73.2
2023-24,Uttar Pradesh,Rural,Male,Worker Population Ratio,78.4
2023-24,West Bengal,Rural,Male,Worker Population Ratio,82.1
2023-24,Andaman & N. Island,Rural,Male,Worker Population Ratio,78.4
2023-24,Dadra & Nagar Haveli & Daman & Diu,Rural,Male,Worker Population Ratio,82.2
2023-24,Jammu & Kashmir,Rural,Male,Worker Population Ratio,73.4
2023-24,Ladakh,Rural,Male,Worker Population Ratio,71.0
2023-24,Lakshadweep,Rural,Male,Worker Population Ratio,82.0
2023-24,Puducherry,Rural,Male,Worker Population Ratio,73.0
2023-24,Andhra Pradesh,Rural,Female,Worker Population Ratio,49.7
2023-24,Arunachal Pradesh,Rural,Female,Worker Population Ratio,67.5
2023-24,Assam,Rural,Female,Worker Population Ratio,50.9
2023-24,Bihar,Rural,Female,Worker Population Ratio,31.7
2023-24,Chhattisgarh,Rural,Female,Worker Population Ratio,65.0
2023-24,Delhi,Rural,Female,Worker Population Ratio,14.5
2023-24,Goa,Rural,Female,Worker Population Ratio,23.7
2023-24,Gujarat,Rural,Female,Worker Population Ratio,57.8
2023-24,Haryana,Rural,Female,Worker Population Ratio,25.9
2023-24,Himachal Pradesh,Rural,Female,Worker Population Ratio,65.3
2023-24,Jharkhand,Rural,Female,Worker Population Ratio,57.2
2023-24,Karnataka,Rural,Female,Worker Population Ratio,43.1
2023-24,Kerala,Rural,Female,Worker Population Ratio,38.8
2023-24,Madhya Pradesh,Rural,Female,Worker Population Ratio,60.8
2023-24,Maharashtra,Rural,Female,Worker Population Ratio,47.4
2023-24,Manipur,Rural,Female,Worker Population Ratio,46.3
2023-24,Meghalaya,Rural,Female,Worker Population Ratio,71.9
2023-24,Mizoram,Rural,Female,Worker Population Ratio,42.2
2023-24,Nagaland,Rural,Female,Worker Population Ratio,65.0
2023-24,Odisha,Rural,Female,Worker Population Ratio,51.5
2023-24,Punjab,Rural,Female,Worker Population Ratio,32.7
2023-24,Rajasthan,Rural,Female,Worker Population Ratio,57.1
2023-24,Sikkim,Rural,Female,Worker Population Ratio,76.7
2023-24,Tamil Nadu,Rural,Female,Worker Population Ratio,52.7
2023-24,Telangana,Rural,Female,Worker Population Ratio,54.0
2023-24,Tripura,Rural,Female,Worker Population Ratio,50.1
2023-24,Uttarakhand,Rural,Female,Worker Population Ratio,51.2
2023-24,Uttar Pradesh,Rural,Female,Worker Population Ratio,38.5
2023-24,West Bengal,Rural,Female,Worker Population Ratio,42.9
2023-24,Andaman & N. Island,Rural,Female,Worker Population Ratio,45.0
2023-24,Dadra & Nagar Haveli & Daman & Diu,Rural,Female,Worker Population Ratio,72.3
2023-24,Jammu & Kashmir,Rural,Female,Worker Population Ratio,52.8
2023-24,Ladakh,Rural,Female,Worker Population Ratio,50.7
2023-24,Lakshadweep,Rural,Female,Worker Population Ratio,10.4
2023-24,Puducherry,Rural,Female,Worker Population Ratio,40.5
2023-24,Andhra Pradesh,Rural,Person,Worker Population Ratio,62.0
2023-24,Arunachal Pradesh,Rural,Person,Worker Population Ratio,71.7
2023-24,Assam,Rural,Person,Worker Population Ratio,66.1
2023-24,Bihar,Rural,Person,Worker Population Ratio,52.8
2023-24,Chhattisgarh,Rural,Person,Worker Population Ratio,74.1
2023-24,Delhi,Rural,Person,Worker Population Ratio,49.4
2023-24,Goa,Rural,Person,Worker Population Ratio,47.4
2023-24,Gujarat,Rural,Person,Worker Population Ratio,71.3
2023-24,Haryana,Rural,Person,Worker Population Ratio,48.5
2023-24,Himachal Pradesh,Rural,Person,Worker Population Ratio,72.2
2023-24,Jharkhand,Rural,Person,Worker Population Ratio,68.4
2023-24,Karnataka,Rural,Person,Worker Population Ratio,58.7
2023-24,Kerala,Rural,Person,Worker Population Ratio,54.1
2023-24,Madhya Pradesh,Rural,Person,Worker Population Ratio,74.2
2023-24,Maharashtra,Rural,Person,Worker Population Ratio,61.6
2023-24,Manipur,Rural,Person,Worker Population Ratio,57.2
2023-24,Meghalaya,Rural,Person,Worker Population Ratio,76.7
2023-24,Mizoram,Rural,Person,Worker Population Ratio,54.9
2023-24,Nagaland,Rural,Person,Worker Population Ratio,72.7
2023-24,Odisha,Rural,Person,Worker Population Ratio,65.4
2023-24,Punjab,Rural,Person,Worker Population Ratio,54.3
2023-24,Rajasthan,Rural,Person,Worker Population Ratio,67.0
2023-24,Sikkim,Rural,Person,Worker Population Ratio,80.1
2023-24,Tamil Nadu,Rural,Person,Worker Population Ratio,63.1
2023-24,Telangana,Rural,Person,Worker Population Ratio,64.8
2023-24,Tripura,Rural,Person,Worker Population Ratio,65.1
2023-24,Uttarakhand,Rural,Person,Worker Population Ratio,61.9
2023-24,Uttar Pradesh,Rural,Person,Worker Population Ratio,58.1
2023-24,West Bengal,Rural,Person,Worker Population Ratio,62.2
2023-24,Andaman & N. Island,Rural,Person,Worker Population Ratio,62.1
2023-24,Dadra & Nagar Haveli & Daman & Diu,Rural,Person,Worker Population Ratio,77.4
2023-24,Jammu & Kashmir,Rural,Person,Worker Population Ratio,63.4
2023-24,Ladakh,Rural,Person,Worker Population Ratio,61.1
2023-24,Lakshadweep,Rural,Person,Worker Population Ratio,52.3
2023-24,Puducherry,Rural,Person,Worker Population Ratio,56.2
2023-24,Andhra Pradesh,Urban,Male,Worker Population Ratio,69.8
2023-24,Arunachal Pradesh,Urban,Male,Worker Population Ratio,68.1
2023-24,Assam,Urban,Male,Worker Population Ratio,75.4
2023-24,Bihar,Urban,Male,Worker Population Ratio,63.1
2023-24,Chhattisgarh,Urban,Male,Worker Population Ratio,73.7
2023-24,Delhi,Urban,Male,Worker Population Ratio,68.3
2023-24,Goa,Urban,Male,Worker Population Ratio,70.0
2023-24,Gujarat,Urban,Male,Worker Population Ratio,77.7
2023-24,Haryana,Urban,Male,Worker Population Ratio,70.9
2023-24,Himachal Pradesh,Urban,Male,Worker Population Ratio,73.8
2023-24,Jharkhand,Urban,Male,Worker Population Ratio,64.8
2023-24,Karnataka,Urban,Male,Worker Population Ratio,71.1
2023-24,Kerala,Urban,Male,Worker Population Ratio,70.4
2023-24,Madhya Pradesh,Urban,Male,Worker Population Ratio,76.0
2023-24,Maharashtra,Urban,Male,Worker Population Ratio,72.7
2023-24,Manipur,Urban,Male,Worker Population Ratio,65.0
2023-24,Meghalaya,Urban,Male,Worker Population Ratio,63.3
2023-24,Mizoram,Urban,Male,Worker Population Ratio,62.4
2023-24,Nagaland,Urban,Male,Worker Population Ratio,66.9
2023-24,Odisha,Urban,Male,Worker Population Ratio,70.8
2023-24,Punjab,Urban,Male,Worker Population Ratio,75.7
2023-24,Rajasthan,Urban,Male,Worker Population Ratio,68.6
2023-24,Sikkim,Urban,Male,Worker Population Ratio,74.9
2023-24,Tamil Nadu,Urban,Male,Worker Population Ratio,71.8
2023-24,Telangana,Urban,Male,Worker Population Ratio,72.2
2023-24,Tripura,Urban,Male,Worker Population Ratio,67.4
2023-24,Uttarakhand,Urban,Male,Worker Population Ratio,72.4
2023-24,Uttar Pradesh,Urban,Male,Worker Population Ratio,71.8
2023-24,West Bengal,Urban,Male,Worker Population Ratio,76.9
2023-24,Andaman & N. Island,Urban,Male,Worker Population Ratio,78.4
2023-24,Chandigarh,Urban,Male,Worker Population Ratio,73.9
2023-24,Dadra & Nagar Haveli & Daman & Diu,Urban,Male,Worker Population Ratio,87.3
2023-24,Jammu & Kashmir,Urban,Male,Worker Population Ratio,71.0
2023-24,Ladakh,Urban,Male,Worker Population Ratio,69.0
2023-24,Lakshadweep,Urban,Male,Worker Population Ratio,63.1
2023-24,Puducherry,Urban,Male,Worker Population Ratio,68.8
2023-24,Andhra Pradesh,Urban,Female,Worker Population Ratio,28.1
2023-24,Arunachal Pradesh,Urban,Female,Worker Population Ratio,38.0
2023-24,Assam,Urban,Female,Worker Population Ratio,27.8
2023-24,Bihar,Urban,Female,Worker Population Ratio,15.1
2023-24,Chhattisgarh,Urban,Female,Worker Population Ratio,30.4
2023-24,Delhi,Urban,Female,Worker Population Ratio,18.3
2023-24,Goa,Urban,Female,Worker Population Ratio,24.9
2023-24,Gujarat,Urban,Female,Worker Population Ratio,28.6
2023-24,Haryana,Urban,Female,Worker Population Ratio,20.1
2023-24,Himachal Pradesh,Urban,Female,Worker Population Ratio,36.9
2023-24,Jharkhand,Urban,Female,Worker Population Ratio,18.3
2023-24,Karnataka,Urban,Female,Worker Population Ratio,27.5
2023-24,Kerala,Urban,Female,Worker Population Ratio,33.0
2023-24,Madhya Pradesh,Urban,Female,Worker Population Ratio,27.7
2023-24,Maharashtra,Urban,Female,Worker Population Ratio,27.6
2023-24,Manipur,Urban,Female,Worker Population Ratio,41.8
2023-24,Meghalaya,Urban,Female,Worker Population Ratio,37.9
2023-24,Mizoram,Urban,Female,Worker Population Ratio,39.1
2023-24,Nagaland,Urban,Female,Worker Population Ratio,46.1
2023-24,Odisha,Urban,Female,Worker Population Ratio,27.8
2023-24,Punjab,Urban,Female,Worker Population Ratio,22.4
2023-24,Rajasthan,Urban,Female,Worker Population Ratio,26.7
2023-24,Sikkim,Urban,Female,Worker Population Ratio,30.0
2023-24,Tamil Nadu,Urban,Female,Worker Population Ratio,28.4
2023-24,Telangana,Urban,Female,Worker Population Ratio,28.5
2023-24,Tripura,Urban,Female,Worker Population Ratio,30.0
2023-24,Uttarakhand,Urban,Female,Worker Population Ratio,21.2
2023-24,Uttar Pradesh,Urban,Female,Worker Population Ratio,15.6
2023-24,West Bengal,Urban,Female,Worker Population Ratio,30.8
2023-24,Andaman & N. Island,Urban,Female,Worker Population Ratio,26.3
2023-24,Chandigarh,Urban,Female,Worker Population Ratio,26.2
2023-24,Dadra & Nagar Haveli & Daman & Diu,Urban,Female,Worker Population Ratio,23.9
2023-24,Jammu & Kashmir,Urban,Female,Worker Population Ratio,24.1
2023-24,Ladakh,Urban,Female,Worker Population Ratio,21.7
2023-24,Lakshadweep,Urban,Female,Worker Population Ratio,11.6
2023-24,Puducherry,Urban,Female,Worker Population Ratio,27.4
2023-24,Andhra Pradesh,Urban,Person,Worker Population Ratio,48.2
2023-24,Arunachal Pradesh,Urban,Person,Worker Population Ratio,52.8
2023-24,Assam,Urban,Person,Worker Population Ratio,51.6
2023-24,Bihar,Urban,Person,Worker Population Ratio,40.3
2023-24,Chhattisgarh,Urban,Person,Worker Population Ratio,52.6
2023-24,Delhi,Urban,Person,Worker Population Ratio,45.4
2023-24,Goa,Urban,Person,Worker Population Ratio,47.4
2023-24,Gujarat,Urban,Person,Worker Population Ratio,54.1
2023-24,Haryana,Urban,Person,Worker Population Ratio,46.7
2023-24,Himachal Pradesh,Urban,Person,Worker Population Ratio,57.5
2023-24,Jharkhand,Urban,Person,Worker Population Ratio,41.9
2023-24,Karnataka,Urban,Person,Worker Population Ratio,49.6
2023-24,Kerala,Urban,Person,Worker Population Ratio,50.1
2023-24,Madhya Pradesh,Urban,Person,Worker Population Ratio,51.9
2023-24,Maharashtra,Urban,Person,Worker Population Ratio,50.9
2023-24,Manipur,Urban,Person,Worker Population Ratio,53.1
2023-24,Meghalaya,Urban,Person,Worker Population Ratio,49.8
2023-24,Mizoram,Urban,Person,Worker Population Ratio,50.7
2023-24,Nagaland,Urban,Person,Worker Population Ratio,56.8
2023-24,Odisha,Urban,Person,Worker Population Ratio,49.6
2023-24,Punjab,Urban,Person,Worker Population Ratio,49.9
2023-24,Rajasthan,Urban,Person,Worker Population Ratio,48.3
2023-24,Sikkim,Urban,Person,Worker Population Ratio,55.3
2023-24,Tamil Nadu,Urban,Person,Worker Population Ratio,49.2
2023-24,Telangana,Urban,Person,Worker Population Ratio,50.4
2023-24,Tripura,Urban,Person,Worker Population Ratio,48.3
2023-24,Uttarakhand,Urban,Person,Worker Population Ratio,46.6
2023-24,Uttar Pradesh,Urban,Person,Worker Population Ratio,44.5
2023-24,West Bengal,Urban,Person,Worker Population Ratio,53.5
2023-24,Andaman & N. Island,Urban,Person,Worker Population Ratio,52.7
2023-24,Chandigarh,Urban,Person,Worker Population Ratio,50.9
2023-24,Dadra & Nagar Haveli & Daman & Diu,Urban,Person,Worker Population Ratio,61.0
2023-24,Jammu & Kashmir,Urban,Person,Worker Population Ratio,48.3
2023-24,Ladakh,Urban,Person,Worker Population Ratio,47.7
2023-24,Lakshadweep,Urban,Person,Worker Population Ratio,38.8
2023-24,Puducherry,Urban,Person,Worker Population Ratio,46.2
2023-24,Andhra Pradesh,Rural+Urban,Male,Worker Population Ratio,73.4
2023-24,Arunachal Pradesh,Rural+Urban,Male,Worker Population Ratio,74.4
2023-24,Assam,Rural+Urban,Male,Worker Population Ratio,80.2
2023-24,Bihar,Rural+Urban,Male,Worker Population Ratio,73.1
2023-24,Chhattisgarh,Rural+Urban,Male,Worker Population Ratio,81.2
2023-24,Delhi,Rural+Urban,Male,Worker Population Ratio,68.6
2023-24,Goa,Rural+Urban,Male,Worker Population Ratio,70.2
2023-24,Gujarat,Rural+Urban,Male,Worker Population Ratio,81.5
2023-24,Haryana,Rural+Urban,Male,Worker Population Ratio,69.9
2023-24,Himachal Pradesh,Rural+Urban,Male,Worker Population Ratio,78.9
2023-24,Jharkhand,Rural+Urban,Male,Worker Population Ratio,76.9
2023-24,Karnataka,Rural+Urban,Male,Worker Population Ratio,73.1
2023-24,Kerala,Rural+Urban,Male,Worker Population Ratio,71.1
2023-24,Madhya Pradesh,Rural+Urban,Male,Worker Population Ratio,84.0
2023-24,Maharashtra,Rural+Urban,Male,Worker Population Ratio,74.4
2023-24,Manipur,Rural+Urban,Male,Worker Population Ratio,67.2
2023-24,Meghalaya,Rural+Urban,Male,Worker Population Ratio,78.7
2023-24,Mizoram,Rural+Urban,Male,Worker Population Ratio,64.6
2023-24,Nagaland,Rural+Urban,Male,Worker Population Ratio,76.6
2023-24,Odisha,Rural+Urban,Male,Worker Population Ratio,78.9
2023-24,Punjab,Rural+Urban,Male,Worker Population Ratio,75.9
2023-24,Rajasthan,Rural+Urban,Male,Worker Population Ratio,74.8
2023-24,Sikkim,Rural+Urban,Male,Worker Population Ratio,81.3
2023-24,Tamil Nadu,Rural+Urban,Male,Worker Population Ratio,73.2
2023-24,Telangana,Rural+Urban,Male,Worker Population Ratio,74.8
2023-24,Tripura,Rural+Urban,Male,Worker Population Ratio,77.5
2023-24,Uttarakhand,Rural+Urban,Male,Worker Population Ratio,73.0
2023-24,Uttar Pradesh,Rural+Urban,Male,Worker Population Ratio,76.9
2023-24,West Bengal,Rural+Urban,Male,Worker Population Ratio,80.5
2023-24,Andaman & N. Island,Rural+Urban,Male,Worker Population Ratio,78.4
2023-24,Chandigarh,Rural+Urban,Male,Worker Population Ratio,73.9
2023-24,Dadra & Nagar Haveli & Daman & Diu,Rural+Urban,Male,Worker Population Ratio,85.3
2023-24,Jammu & Kashmir,Rural+Urban,Male,Worker Population Ratio,72.9
2023-24,Ladakh,Rural+Urban,Male,Worker Population Ratio,70.7
2023-24,Lakshadweep,Rural+Urban,Male,Worker Population Ratio,69.0
2023-24,Puducherry,Rural+Urban,Male,Worker Population Ratio,70.5
2023-24,Andhra Pradesh,Rural+Urban,Female,Worker Population Ratio,43.1
2023-24,Arunachal Pradesh,Rural+Urban,Female,Worker Population Ratio,62.4
2023-24,Assam,Rural+Urban,Female,Worker Population Ratio,48.1
2023-24,Bihar,Rural+Urban,Female,Worker Population Ratio,30.1
2023-24,Chhattisgarh,Rural+Urban,Female,Worker Population Ratio,58.1
2023-24,Delhi,Rural+Urban,Female,Worker Population Ratio,18.3
2023-24,Goa,Rural+Urban,Female,Worker Population Ratio,24.4
2023-24,Gujarat,Rural+Urban,Female,Worker Population Ratio,45.6
2023-24,Haryana,Rural+Urban,Female,Worker Population Ratio,23.6
2023-24,Himachal Pradesh,Rural+Urban,Female,Worker Population Ratio,62.3
2023-24,Jharkhand,Rural+Urban,Female,Worker Population Ratio,49.6
2023-24,Karnataka,Rural+Urban,Female,Worker Population Ratio,37.2
2023-24,Kerala,Rural+Urban,Female,Worker Population Ratio,36.0
2023-24,Madhya Pradesh,Rural+Urban,Female,Worker Population Ratio,51.9
2023-24,Maharashtra,Rural+Urban,Female,Worker Population Ratio,39.1
2023-24,Manipur,Rural+Urban,Female,Worker Population Ratio,45.0
2023-24,Meghalaya,Rural+Urban,Female,Worker Population Ratio,65.9
2023-24,Mizoram,Rural+Urban,Female,Worker Population Ratio,40.7
2023-24,Nagaland,Rural+Urban,Female,Worker Population Ratio,59.7
2023-24,Odisha,Rural+Urban,Female,Worker Population Ratio,48.0
2023-24,Punjab,Rural+Urban,Female,Worker Population Ratio,28.9
2023-24,Rajasthan,Rural+Urban,Female,Worker Population Ratio,48.9
2023-24,Sikkim,Rural+Urban,Female,Worker Population Ratio,66.8
2023-24,Tamil Nadu,Rural+Urban,Female,Worker Population Ratio,41.5
2023-24,Telangana,Rural+Urban,Female,Worker Population Ratio,44.3
2023-24,Tripura,Rural+Urban,Female,Worker Population Ratio,46.3
2023-24,Uttarakhand,Rural+Urban,Female,Worker Population Ratio,43.7
2023-24,Uttar Pradesh,Rural+Urban,Female,Worker Population Ratio,33.6
2023-24,West Bengal,Rural+Urban,Female,Worker Population Ratio,39.2
2023-24,Andaman & N. Island,Rural+Urban,Female,Worker Population Ratio,36.7
2023-24,Chandigarh,Rural+Urban,Female,Worker Population Ratio,26.2
2023-24,Dadra & Nagar Haveli & Daman & Diu,Rural+Urban,Female,Worker Population Ratio,46.0
2023-24,Jammu & Kashmir,Rural+Urban,Female,Worker Population Ratio,47.1
2023-24,Ladakh,Rural+Urban,Female,Worker Population Ratio,47.1
2023-24,Lakshadweep,Rural+Urban,Female,Worker Population Ratio,11.3
2023-24,Puducherry,Rural+Urban,Female,Worker Population Ratio,32.2
2023-24,Andhra Pradesh,Rural+Urban,Person,Worker Population Ratio,57.8
2023-24,Arunachal Pradesh,Rural+Urban,Person,Worker Population Ratio,68.5
2023-24,Assam,Rural+Urban,Person,Worker Population Ratio,64.3
2023-24,Bihar,Rural+Urban,Person,Worker Population Ratio,51.6
2023-24,Chhattisgarh,Rural+Urban,Person,Worker Population Ratio,69.7
2023-24,Delhi,Rural+Urban,Person,Worker Population Ratio,45.5
2023-24,Goa,Rural+Urban,Person,Worker Population Ratio,47.4
2023-24,Gujarat,Rural+Urban,Person,Worker Population Ratio,63.9
2023-24,Haryana,Rural+Urban,Person,Worker Population Ratio,47.8
2023-24,Himachal Pradesh,Rural+Urban,Person,Worker Population Ratio,70.3
2023-24,Jharkhand,Rural+Urban,Person,Worker Population Ratio,63.0
2023-24,Karnataka,Rural+Urban,Person,Worker Population Ratio,55.2
2023-24,Kerala,Rural+Urban,Person,Worker Population Ratio,52.2
2023-24,Madhya Pradesh,Rural+Urban,Person,Worker Population Ratio,68.3
2023-24,Maharashtra,Rural+Urban,Person,Worker Population Ratio,57.0
2023-24,Manipur,Rural+Urban,Person,Worker Population Ratio,56.0
2023-24,Meghalaya,Rural+Urban,Person,Worker Population Ratio,72.1
2023-24,Mizoram,Rural+Urban,Person,Worker Population Ratio,53.0
2023-24,Nagaland,Rural+Urban,Person,Worker Population Ratio,68.1
2023-24,Odisha,Rural+Urban,Person,Worker Population Ratio,62.9
2023-24,Punjab,Rural+Urban,Person,Worker Population Ratio,52.7
2023-24,Rajasthan,Rural+Urban,Person,Worker Population Ratio,61.7
2023-24,Sikkim,Rural+Urban,Person,Worker Population Ratio,74.4
2023-24,Tamil Nadu,Rural+Urban,Person,Worker Population Ratio,56.8
2023-24,Telangana,Rural+Urban,Person,Worker Population Ratio,59.2
2023-24,Tripura,Rural+Urban,Person,Worker Population Ratio,62.0
2023-24,Uttarakhand,Rural+Urban,Person,Worker Population Ratio,58.1
2023-24,Uttar Pradesh,Rural+Urban,Person,Worker Population Ratio,55.1
2023-24,West Bengal,Rural+Urban,Person,Worker Population Ratio,59.6
2023-24,Andaman & N. Island,Rural+Urban,Person,Worker Population Ratio,58.0
2023-24,Chandigarh,Rural+Urban,Person,Worker Population Ratio,50.9
2023-24,Dadra & Nagar Haveli & Daman & Diu,Rural+Urban,Person,Worker Population Ratio,67.8
2023-24,Jammu & Kashmir,Rural+Urban,Person,Worker Population Ratio,60.4
2023-24,Ladakh,Rural+Urban,Person,Worker Population Ratio,59.3
2023-24,Lakshadweep,Rural+Urban,Person,Worker Population Ratio,42.7
2023-24,Puducherry,Rural+Urban,Person,Worker Population Ratio,50.0
2023-24,Andhra Pradesh,Rural,Male,Labour Force Participation Rate,77.9
2023-24,Arunachal Pradesh,Rural,Male,Labour Force Participation Rate,80.0
2023-24,Assam,Rural,Male,Labour Force Participation Rate,83.8
2023-24,Bihar,Rural,Male,Labour Force Participation Rate,76.8
2023-24,Chhattisgarh,Rural,Male,Labour Force Participation Rate,84.6
2023-24,Delhi,Rural,Male,Labour Force Participation Rate,79.9
2023-24,Goa,Rural,Male,Labour Force Participation Rate,75.9
2023-24,Gujarat,Rural,Male,Labour Force Participation Rate,84.9
2023-24,Haryana,Rural,Male,Labour Force Participation Rate,71.9
2023-24,Himachal Pradesh,Rural,Male,Labour Force Participation Rate,82.4
2023-24,Jharkhand,Rural,Male,Labour Force Participation Rate,80.9
2023-24,Karnataka,Rural,Male,Labour Force Participation Rate,76.3
2023-24,Kerala,Rural,Male,Labour Force Participation Rate,75.3
2023-24,Madhya Pradesh,Rural,Male,Labour Force Participation Rate,87.3
2023-24,Maharashtra,Rural,Male,Labour Force Participation Rate,77.8
2023-24,Manipur,Rural,Male,Labour Force Participation Rate,71.6
2023-24,Meghalaya,Rural,Male,Labour Force Participation Rate,84.8
2023-24,Mizoram,Rural,Male,Labour Force Participation Rate,67.4
2023-24,Nagaland,Rural,Male,Labour Force Participation Rate,85.4
2023-24,Odisha,Rural,Male,Labour Force Participation Rate,82.9
2023-24,Punjab,Rural,Male,Labour Force Participation Rate,80.1
2023-24,Rajasthan,Rural,Male,Labour Force Participation Rate,80.2
2023-24,Sikkim,Rural,Male,Labour Force Participation Rate,85.7
2023-24,Tamil Nadu,Rural,Male,Labour Force Participation Rate,77.0
2023-24,Telangana,Rural,Male,Labour Force Participation Rate,79.5
2023-24,Tripura,Rural,Male,Labour Force Participation Rate,81.0
2023-24,Uttarakhand,Rural,Male,Labour Force Participation Rate,76.9
2023-24,Uttar Pradesh,Rural,Male,Labour Force Participation Rate,80.5
2023-24,West Bengal,Rural,Male,Labour Force Participation Rate,84.0
2023-24,Andaman & N. Island,Rural,Male,Labour Force Participation Rate,84.2
2023-24,Dadra & Nagar Haveli & Daman & Diu,Rural,Male,Labour Force Participation Rate,85.8
2023-24,Jammu & Kashmir,Rural,Male,Labour Force Participation Rate,76.0
2023-24,Ladakh,Rural,Male,Labour Force Participation Rate,72.5
2023-24,Lakshadweep,Rural,Male,Labour Force Participation Rate,83.0
2023-24,Puducherry,Rural,Male,Labour Force Participation Rate,73.1
2023-24,Andhra Pradesh,Rural,Female,Labour Force Participation Rate,51.2
2023-24,Arunachal Pradesh,Rural,Female,Labour Force Participation Rate,70.8
2023-24,Assam,Rural,Female,Labour Force Participation Rate,52.8
2023-24,Bihar,Rural,Female,Labour Force Participation Rate,32.0
2023-24,Chhattisgarh,Rural,Female,Labour Force Participation Rate,65.9
2023-24,Delhi,Rural,Female,Labour Force Participation Rate,17.9
2023-24,Goa,Rural,Female,Labour Force Participation Rate,27.5
2023-24,Gujarat,Rural,Female,Labour Force Participation Rate,57.9
2023-24,Haryana,Rural,Female,Labour Force Participation Rate,26.3
2023-24,Himachal Pradesh,Rural,Female,Labour Force Participation Rate,70.2
2023-24,Jharkhand,Rural,Female,Labour Force Participation Rate,57.3
2023-24,Karnataka,Rural,Female,Labour Force Participation Rate,43.5
2023-24,Kerala,Rural,Female,Labour Force Participation Rate,44.2
2023-24,Madhya Pradesh,Rural,Female,Labour Force Participation Rate,61.1
2023-24,Maharashtra,Rural,Female,Labour Force Participation Rate,48.0
2023-24,Manipur,Rural,Female,Labour Force Participation Rate,49.6
2023-24,Meghalaya,Rural,Female,Labour Force Participation Rate,76.9
2023-24,Mizoram,Rural,Female,Labour Force Participation Rate,42.6
2023-24,Nagaland,Rural,Female,Labour Force Participation Rate,69.0
2023-24,Odisha,Rural,Female,Labour Force Participation Rate,52.6
2023-24,Punjab,Rural,Female,Labour Force Participation Rate,34.9
2023-24,Rajasthan,Rural,Female,Labour Force Participation Rate,58.7
2023-24,Sikkim,Rural,Female,Labour Force Participation Rate,77.9
2023-24,Tamil Nadu,Rural,Female,Labour Force Participation Rate,54.2
2023-24,Telangana,Rural,Female,Labour Force Participation Rate,55.7
2023-24,Tripura,Rural,Female,Labour Force Participation Rate,50.7
2023-24,Uttarakhand,Rural,Female,Labour Force Participation Rate,52.6
2023-24,Uttar Pradesh,Rural,Female,Labour Force Participation Rate,39.1
2023-24,West Bengal,Rural,Female,Labour Force Participation Rate,43.9
2023-24,Andaman & N. Island,Rural,Female,Labour Force Participation Rate,54.0
2023-24,Dadra & Nagar Haveli & Daman & Diu,Rural,Female,Labour Force Participation Rate,72.3
2023-24,Jammu & Kashmir,Rural,Female,Labour Force Participation Rate,56.8
2023-24,Ladakh,Rural,Female,Labour Force Participation Rate,54.3
2023-24,Lakshadweep,Rural,Female,Labour Force Participation Rate,20.4
2023-24,Puducherry,Rural,Female,Labour Force Participation Rate,42.5
2023-24,Andhra Pradesh,Rural,Person,Labour Force Participation Rate,64.2
2023-24,Arunachal Pradesh,Rural,Person,Labour Force Participation Rate,75.5
2023-24,Assam,Rural,Person,Labour Force Participation Rate,68.5
2023-24,Bihar,Rural,Person,Labour Force Participation Rate,54.3
2023-24,Chhattisgarh,Rural,Person,Labour Force Participation Rate,75.2
2023-24,Delhi,Rural,Person,Labour Force Participation Rate,52.5
2023-24,Goa,Rural,Person,Labour Force Participation Rate,52.0
2023-24,Gujarat,Rural,Person,Labour Force Participation Rate,71.5
2023-24,Haryana,Rural,Person,Labour Force Participation Rate,50.0
2023-24,Himachal Pradesh,Rural,Person,Labour Force Participation Rate,76.0
2023-24,Jharkhand,Rural,Person,Labour Force Participation Rate,68.7
2023-24,Karnataka,Rural,Person,Labour Force Participation Rate,59.8
2023-24,Kerala,Rural,Person,Labour Force Participation Rate,58.6
2023-24,Madhya Pradesh,Rural,Person,Labour Force Participation Rate,74.5
2023-24,Maharashtra,Rural,Person,Labour Force Participation Rate,63.0
2023-24,Manipur,Rural,Person,Labour Force Participation Rate,60.5
2023-24,Meghalaya,Rural,Person,Labour Force Participation Rate,80.8
2023-24,Mizoram,Rural,Person,Labour Force Participation Rate,55.7
2023-24,Nagaland,Rural,Person,Labour Force Participation Rate,77.1
2023-24,Odisha,Rural,Person,Labour Force Participation Rate,67.1
2023-24,Punjab,Rural,Person,Labour Force Participation Rate,57.4
2023-24,Rajasthan,Rural,Person,Labour Force Participation Rate,69.1
2023-24,Sikkim,Rural,Person,Labour Force Participation Rate,81.9
2023-24,Tamil Nadu,Rural,Person,Labour Force Participation Rate,65.2
2023-24,Telangana,Rural,Person,Labour Force Participation Rate,67.1
2023-24,Tripura,Rural,Person,Labour Force Participation Rate,66.0
2023-24,Uttarakhand,Rural,Person,Labour Force Participation Rate,64.5
2023-24,Uttar Pradesh,Rural,Person,Labour Force Participation Rate,59.5
2023-24,West Bengal,Rural,Person,Labour Force Participation Rate,63.7
2023-24,Andaman & N. Island,Rural,Person,Labour Force Participation Rate,69.5
2023-24,Dadra & Nagar Haveli & Daman & Diu,Rural,Person,Labour Force Participation Rate,79.2
2023-24,Jammu & Kashmir,Rural,Person,Labour Force Participation Rate,66.7
2023-24,Ladakh,Rural,Person,Labour Force Participation Rate,63.6
2023-24,Lakshadweep,Rural,Person,Labour Force Participation Rate,57.0
2023-24,Puducherry,Rural,Person,Labour Force Participation Rate,57.3
2023-24,Andhra Pradesh,Urban,Male,Labour Force Participation Rate,73.9
2023-24,Arunachal Pradesh,Urban,Male,Labour Force Participation Rate,75.1
2023-24,Assam,Urban,Male,Labour Force Participation Rate,80.0
2023-24,Bihar,Urban,Male,Labour Force Participation Rate,67.8
2023-24,Chhattisgarh,Urban,Male,Labour Force Participation Rate,78.8
2023-24,Delhi,Urban,Male,Labour Force Participation Rate,69.9
2023-24,Goa,Urban,Male,Labour Force Participation Rate,72.8
2023-24,Gujarat,Urban,Male,Labour Force Participation Rate,79.3
2023-24,Haryana,Urban,Male,Labour Force Participation Rate,73.9
2023-24,Himachal Pradesh,Urban,Male,Labour Force Participation Rate,77.5
2023-24,Jharkhand,Urban,Male,Labour Force Participation Rate,68.8
2023-24,Karnataka,Urban,Male,Labour Force Participation Rate,74.1
2023-24,Kerala,Urban,Male,Labour Force Participation Rate,73.5
2023-24,Madhya Pradesh,Urban,Male,Labour Force Participation Rate,78.3
2023-24,Maharashtra,Urban,Male,Labour Force Participation Rate,76.4
2023-24,Manipur,Urban,Male,Labour Force Participation Rate,68.8
2023-24,Meghalaya,Urban,Male,Labour Force Participation Rate,69.5
2023-24,Mizoram,Urban,Male,Labour Force Participation Rate,64.5
2023-24,Nagaland,Urban,Male,Labour Force Participation Rate,75.3
2023-24,Odisha,Urban,Male,Labour Force Participation Rate,75.0
2023-24,Punjab,Urban,Male,Labour Force Participation Rate,79.4
2023-24,Rajasthan,Urban,Male,Labour Force Participation Rate,73.4
2023-24,Sikkim,Urban,Male,Labour Force Participation Rate,76.2
2023-24,Tamil Nadu,Urban,Male,Labour Force Participation Rate,74.2
2023-24,Telangana,Urban,Male,Labour Force Participation Rate,76.9
2023-24,Tripura,Urban,Male,Labour Force Participation Rate,69.2
2023-24,Uttarakhand,Urban,Male,Labour Force Participation Rate,75.0
2023-24,Uttar Pradesh,Urban,Male,Labour Force Participation Rate,76.2
2023-24,West Bengal,Urban,Male,Labour Force Participation Rate,79.0
2023-24,Andaman & N. Island,Urban,Male,Labour Force Participation Rate,84.3
2023-24,Chandigarh,Urban,Male,Labour Force Participation Rate,76.9
2023-24,Dadra & Nagar Haveli & Daman & Diu,Urban,Male,Labour Force Participation Rate,89.1
2023-24,Jammu & Kashmir,Urban,Male,Labour Force Participation Rate,74.6
2023-24,Ladakh,Urban,Male,Labour Force Participation Rate,73.1
2023-24,Lakshadweep,Urban,Male,Labour Force Participation Rate,71.0
2023-24,Puducherry,Urban,Male,Labour Force Participation Rate,73.4
2023-24,Andhra Pradesh,Urban,Female,Labour Force Participation Rate,30.2
2023-24,Arunachal Pradesh,Urban,Female,Labour Force Participation Rate,46.4
2023-24,Assam,Urban,Female,Labour Force Participation Rate,31.5
2023-24,Bihar,Urban,Female,Labour Force Participation Rate,16.7
2023-24,Chhattisgarh,Urban,Female,Labour Force Participation Rate,34.0
2023-24,Delhi,Urban,Female,Labour Force Participation Rate,18.5
2023-24,Goa,Urban,Female,Labour Force Participation Rate,30.5
2023-24,Gujarat,Urban,Female,Labour Force Participation Rate,29.6
2023-24,Haryana,Urban,Female,Labour Force Participation Rate,20.8
2023-24,Himachal Pradesh,Urban,Female,Labour Force Participation Rate,45.1
2023-24,Jharkhand,Urban,Female,Labour Force Participation Rate,19.4
2023-24,Karnataka,Urban,Female,Labour Force Participation Rate,28.8
2023-24,Kerala,Urban,Female,Labour Force Participation Rate,37.0
2023-24,Madhya Pradesh,Urban,Female,Labour Force Participation Rate,28.5
2023-24,Maharashtra,Urban,Female,Labour Force Participation Rate,29.4
2023-24,Manipur,Urban,Female,Labour Force Participation Rate,46.6
2023-24,Meghalaya,Urban,Female,Labour Force Participation Rate,47.7
2023-24,Mizoram,Urban,Female,Labour Force Participation Rate,40.6
2023-24,Nagaland,Urban,Female,Labour Force Participation Rate,52.1
2023-24,Odisha,Urban,Female,Labour Force Participation Rate,30.8
2023-24,Punjab,Urban,Female,Labour Force Participation Rate,24.6
2023-24,Rajasthan,Urban,Female,Labour Force Participation Rate,29.9
2023-24,Sikkim,Urban,Female,Labour Force Participation Rate,32.2
2023-24,Tamil Nadu,Urban,Female,Labour Force Participation Rate,30.2
2023-24,Telangana,Urban,Female,Labour Force Participation Rate,31.8
2023-24,Tripura,Urban,Female,Labour Force Participation Rate,31.4
2023-24,Uttarakhand,Urban,Female,Labour Force Participation Rate,24.4
2023-24,Uttar Pradesh,Urban,Female,Labour Force Participation Rate,17.5
2023-24,West Bengal,Urban,Female,Labour Force Participation Rate,32.4
2023-24,Andaman & N. Island,Urban,Female,Labour Force Participation Rate,36.9
2023-24,Chandigarh,Urban,Female,Labour Force Participation Rate,31.0
2023-24,Dadra & Nagar Haveli & Daman & Diu,Urban,Female,Labour Force Participation Rate,24.8
2023-24,Jammu & Kashmir,Urban,Female,Labour Force Participation Rate,33.1
2023-24,Ladakh,Urban,Female,Labour Force Participation Rate,33.0
2023-24,Lakshadweep,Urban,Female,Labour Force Participation Rate,15.9
2023-24,Puducherry,Urban,Female,Labour Force Participation Rate,29.4
2023-24,Andhra Pradesh,Urban,Person,Labour Force Participation Rate,51.3
2023-24,Arunachal Pradesh,Urban,Person,Labour Force Participation Rate,60.5
2023-24,Assam,Urban,Person,Labour Force Participation Rate,55.8
2023-24,Bihar,Urban,Person,Labour Force Participation Rate,43.4
2023-24,Chhattisgarh,Urban,Person,Labour Force Participation Rate,57.0
2023-24,Delhi,Urban,Person,Labour Force Participation Rate,46.3
2023-24,Goa,Urban,Person,Labour Force Participation Rate,51.6
2023-24,Gujarat,Urban,Person,Labour Force Participation Rate,55.4
2023-24,Haryana,Urban,Person,Labour Force Participation Rate,48.6
2023-24,Himachal Pradesh,Urban,Person,Labour Force Participation Rate,63.2
2023-24,Jharkhand,Urban,Person,Labour Force Participation Rate,44.5
2023-24,Karnataka,Urban,Person,Labour Force Participation Rate,51.7
2023-24,Kerala,Urban,Person,Labour Force Participation Rate,53.7
2023-24,Madhya Pradesh,Urban,Person,Labour Force Participation Rate,53.4
2023-24,Maharashtra,Urban,Person,Labour Force Participation Rate,53.6
2023-24,Manipur,Urban,Person,Labour Force Participation Rate,57.5
2023-24,Meghalaya,Urban,Person,Labour Force Participation Rate,57.9
2023-24,Mizoram,Urban,Person,Labour Force Participation Rate,52.5
2023-24,Nagaland,Urban,Person,Labour Force Participation Rate,64.0
2023-24,Odisha,Urban,Person,Labour Force Participation Rate,53.2
2023-24,Punjab,Urban,Person,Labour Force Participation Rate,52.9
2023-24,Rajasthan,Urban,Person,Labour Force Participation Rate,52.4
2023-24,Sikkim,Urban,Person,Labour Force Participation Rate,57.0
2023-24,Tamil Nadu,Urban,Person,Labour Force Participation Rate,51.3
2023-24,Telangana,Urban,Person,Labour Force Participation Rate,54.4
2023-24,Tripura,Urban,Person,Labour Force Participation Rate,49.9
2023-24,Uttarakhand,Urban,Person,Labour Force Participation Rate,49.5
2023-24,Uttar Pradesh,Urban,Person,Labour Force Participation Rate,47.7
2023-24,West Bengal,Urban,Person,Labour Force Participation Rate,55.4
2023-24,Andaman & N. Island,Urban,Person,Labour Force Participation Rate,60.9
2023-24,Chandigarh,Urban,Person,Labour Force Participation Rate,54.7
2023-24,Dadra & Nagar Haveli & Daman & Diu,Urban,Person,Labour Force Participation Rate,62.4
2023-24,Jammu & Kashmir,Urban,Person,Labour Force Participation Rate,54.5
2023-24,Ladakh,Urban,Person,Labour Force Participation Rate,55.1
2023-24,Lakshadweep,Urban,Person,Labour Force Participation Rate,45.0
2023-24,Puducherry,Urban,Person,Labour Force Participation Rate,49.4
2023-24,Andhra Pradesh,Rural+Urban,Male,Labour Force Participation Rate,76.7
2023-24,Arunachal Pradesh,Rural+Urban,Male,Labour Force Participation Rate,79.2
2023-24,Assam,Rural+Urban,Male,Labour Force Participation Rate,83.3
2023-24,Bihar,Rural+Urban,Male,Labour Force Participation Rate,75.8
2023-24,Chhattisgarh,Rural+Urban,Male,Labour Force Participation Rate,83.4
2023-24,Delhi,Rural+Urban,Male,Labour Force Participation Rate,70.1
2023-24,Goa,Rural+Urban,Male,Labour Force Participation Rate,74.1
2023-24,Gujarat,Rural+Urban,Male,Labour Force Participation Rate,82.4
2023-24,Haryana,Rural+Urban,Male,Labour Force Participation Rate,72.7
2023-24,Himachal Pradesh,Rural+Urban,Male,Labour Force Participation Rate,81.7
2023-24,Jharkhand,Rural+Urban,Male,Labour Force Participation Rate,78.3
2023-24,Karnataka,Rural+Urban,Male,Labour Force Participation Rate,75.5
2023-24,Kerala,Rural+Urban,Male,Labour Force Participation Rate,74.4
2023-24,Madhya Pradesh,Rural+Urban,Male,Labour Force Participation Rate,85.0
2023-24,Maharashtra,Rural+Urban,Male,Labour Force Participation Rate,77.2
2023-24,Manipur,Rural+Urban,Male,Labour Force Participation Rate,70.8
2023-24,Meghalaya,Rural+Urban,Male,Labour Force Participation Rate,82.3
2023-24,Mizoram,Rural+Urban,Male,Labour Force Participation Rate,66.1
2023-24,Nagaland,Rural+Urban,Male,Labour Force Participation Rate,82.4
2023-24,Odisha,Rural+Urban,Male,Labour Force Participation Rate,81.7
2023-24,Punjab,Rural+Urban,Male,Labour Force Participation Rate,79.8
2023-24,Rajasthan,Rural+Urban,Male,Labour Force Participation Rate,78.2
2023-24,Sikkim,Rural+Urban,Male,Labour Force Participation Rate,83.4
2023-24,Tamil Nadu,Rural+Urban,Male,Labour Force Participation Rate,75.7
2023-24,Telangana,Rural+Urban,Male,Labour Force Participation Rate,78.5
2023-24,Tripura,Rural+Urban,Male,Labour Force Participation Rate,78.9
2023-24,Uttarakhand,Rural+Urban,Male,Labour Force Participation Rate,76.4
2023-24,Uttar Pradesh,Rural+Urban,Male,Labour Force Participation Rate,79.5
2023-24,West Bengal,Rural+Urban,Male,Labour Force Participation Rate,82.4
2023-24,Andaman & N. Island,Rural+Urban,Male,Labour Force Participation Rate,84.3
2023-24,Chandigarh,Rural+Urban,Male,Labour Force Participation Rate,76.9
2023-24,Dadra & Nagar Haveli & Daman & Diu,Rural+Urban,Male,Labour Force Participation Rate,87.8
2023-24,Jammu & Kashmir,Rural+Urban,Male,Labour Force Participation Rate,75.7
2023-24,Ladakh,Rural+Urban,Male,Labour Force Participation Rate,72.5
2023-24,Lakshadweep,Rural+Urban,Male,Labour Force Participation Rate,74.7
2023-24,Puducherry,Rural+Urban,Male,Labour Force Participation Rate,73.3
2023-24,Andhra Pradesh,Rural+Urban,Female,Labour Force Participation Rate,44.8
2023-24,Arunachal Pradesh,Rural+Urban,Female,Labour Force Participation Rate,66.5
2023-24,Assam,Rural+Urban,Female,Labour Force Participation Rate,50.2
2023-24,Bihar,Rural+Urban,Female,Labour Force Participation Rate,30.5
2023-24,Chhattisgarh,Rural+Urban,Female,Labour Force Participation Rate,59.5
2023-24,Delhi,Rural+Urban,Female,Labour Force Participation Rate,18.5
2023-24,Goa,Rural+Urban,Female,Labour Force Participation Rate,29.3
2023-24,Gujarat,Rural+Urban,Female,Labour Force Participation Rate,46.0
2023-24,Haryana,Rural+Urban,Female,Labour Force Participation Rate,24.2
2023-24,Himachal Pradesh,Rural+Urban,Female,Labour Force Participation Rate,67.6
2023-24,Jharkhand,Rural+Urban,Female,Labour Force Participation Rate,49.8
2023-24,Karnataka,Rural+Urban,Female,Labour Force Participation Rate,38.0
2023-24,Kerala,Rural+Urban,Female,Labour Force Participation Rate,40.8
2023-24,Madhya Pradesh,Rural+Urban,Female,Labour Force Participation Rate,52.3
2023-24,Maharashtra,Rural+Urban,Female,Labour Force Participation Rate,40.1
2023-24,Manipur,Rural+Urban,Female,Labour Force Participation Rate,48.7
2023-24,Meghalaya,Rural+Urban,Female,Labour Force Participation Rate,71.8
2023-24,Mizoram,Rural+Urban,Female,Labour Force Participation Rate,41.7
2023-24,Nagaland,Rural+Urban,Female,Labour Force Participation Rate,64.3
2023-24,Odisha,Rural+Urban,Female,Labour Force Participation Rate,49.4
2023-24,Punjab,Rural+Urban,Female,Labour Force Participation Rate,31.1
2023-24,Rajasthan,Rural+Urban,Female,Labour Force Participation Rate,50.9
2023-24,Sikkim,Rural+Urban,Female,Labour Force Participation Rate,68.2
2023-24,Tamil Nadu,Rural+Urban,Female,Labour Force Participation Rate,43.2
2023-24,Telangana,Rural+Urban,Female,Labour Force Participation Rate,46.7
2023-24,Tripura,Rural+Urban,Female,Labour Force Participation Rate,47.1
2023-24,Uttarakhand,Rural+Urban,Female,Labour Force Participation Rate,45.6
2023-24,Uttar Pradesh,Rural+Urban,Female,Labour Force Participation Rate,34.5
2023-24,West Bengal,Rural+Urban,Female,Labour Force Participation Rate,40.4
2023-24,Andaman & N. Island,Rural+Urban,Female,Labour Force Participation Rate,46.3
2023-24,Chandigarh,Rural+Urban,Female,Labour Force Participation Rate,31.0
2023-24,Dadra & Nagar Haveli & Daman & Diu,Rural+Urban,Female,Labour Force Participation Rate,46.5
2023-24,Jammu & Kashmir,Rural+Urban,Female,Labour Force Participation Rate,52.1
2023-24,Ladakh,Rural+Urban,Female,Labour Force Participation Rate,51.6
2023-24,Lakshadweep,Rural+Urban,Female,Labour Force Participation Rate,17.1
2023-24,Puducherry,Rural+Urban,Female,Labour Force Participation Rate,34.2
2023-24,Andhra Pradesh,Rural+Urban,Person,Labour Force Participation Rate,60.2
2023-24,Arunachal Pradesh,Rural+Urban,Person,Labour Force Participation Rate,73.0
2023-24,Assam,Rural+Urban,Person,Labour Force Participation Rate,66.9
2023-24,Bihar,Rural+Urban,Person,Labour Force Participation Rate,53.2
2023-24,Chhattisgarh,Rural+Urban,Person,Labour Force Participation Rate,71.5
2023-24,Delhi,Rural+Urban,Person,Labour Force Participation Rate,46.4
2023-24,Goa,Rural+Urban,Person,Labour Force Participation Rate,51.8
2023-24,Gujarat,Rural+Urban,Person,Labour Force Participation Rate,64.6
2023-24,Haryana,Rural+Urban,Person,Labour Force Participation Rate,49.5
2023-24,Himachal Pradesh,Rural+Urban,Person,Labour Force Participation Rate,74.4
2023-24,Jharkhand,Rural+Urban,Person,Labour Force Participation Rate,63.8
2023-24,Karnataka,Rural+Urban,Person,Labour Force Participation Rate,56.8
2023-24,Kerala,Rural+Urban,Person,Labour Force Participation Rate,56.2
2023-24,Madhya Pradesh,Rural+Urban,Person,Labour Force Participation Rate,68.9
2023-24,Maharashtra,Rural+Urban,Person,Labour Force Participation Rate,59.0
2023-24,Manipur,Rural+Urban,Person,Labour Force Participation Rate,59.6
2023-24,Meghalaya,Rural+Urban,Person,Labour Force Participation Rate,76.9
2023-24,Mizoram,Rural+Urban,Person,Labour Force Participation Rate,54.2
2023-24,Nagaland,Rural+Urban,Person,Labour Force Participation Rate,73.3
2023-24,Odisha,Rural+Urban,Person,Labour Force Participation Rate,64.9
2023-24,Punjab,Rural+Urban,Person,Labour Force Participation Rate,55.7
2023-24,Rajasthan,Rural+Urban,Person,Labour Force Participation Rate,64.4
2023-24,Sikkim,Rural+Urban,Person,Labour Force Participation Rate,76.2
2023-24,Tamil Nadu,Rural+Urban,Person,Labour Force Participation Rate,58.8
2023-24,Telangana,Rural+Urban,Person,Labour Force Participation Rate,62.2
2023-24,Tripura,Rural+Urban,Person,Labour Force Participation Rate,63.0
2023-24,Uttarakhand,Rural+Urban,Person,Labour Force Participation Rate,60.7
2023-24,Uttar Pradesh,Rural+Urban,Person,Labour Force Participation Rate,56.9
2023-24,West Bengal,Rural+Urban,Person,Labour Force Participation Rate,61.1
2023-24,Andaman & N. Island,Rural+Urban,Person,Labour Force Participation Rate,65.7
2023-24,Chandigarh,Rural+Urban,Person,Labour Force Participation Rate,54.7
2023-24,Dadra & Nagar Haveli & Daman & Diu,Rural+Urban,Person,Labour Force Participation Rate,69.4
2023-24,Jammu & Kashmir,Rural+Urban,Person,Labour Force Participation Rate,64.3
2023-24,Ladakh,Rural+Urban,Person,Labour Force Participation Rate,62.5
2023-24,Lakshadweep,Rural+Urban,Person,Labour Force Participation Rate,48.5
2023-24,Puducherry,Rural+Urban,Person,Labour Force Participation Rate,52.4
